<?xml version="1.0"?>
<module>
    <type>language</type>
    <name>0.0.1</name>
    <label>Italian</label>
    <prefix>it_it</prefix>
    <version>Italiano</version>
    <dependencies>
        <vtiger_version>6.0.0rc</vtiger_version>
        <vtiger_max_version>7.*</vtiger_max_version>
    </dependencies>
    <license>
        <inline><![CDATA[
 ********************************************************************************
 * The contents of these files are subject to the MIT License
 * You may not use this file except in compliance with the License.
 * Software distributed under the License is distributed on an  "AS IS" basis,
 * WITHOUT WARRANTY OF ANY KIND, either express or implied. See the License for
 * the specific language governing rights and limitations under the License.
 ********************************************************************************
 *  Language     : Italian
 *  Version      : Italiano
 *  Author       : Francesco Bianco
 ********************************************************************************
]]></inline>
    </license>
</module>
